latitude,longitude,bright_ti4,scan,track,acq_date,acq_time,satellite,instrument,confidence,version,bright_ti5,frp,daynight
40.57678,0.54418,303.32,0.49,0.4,2026-10-08,145,N,VIIRS,n,2.0NRT,288.86,1.67,N
41.31227,1.6644,296.47,0.45,0.39,2026-10-08,145,N,VIIRS,n,2.0NRT,286.42,0.42,N
41.45509,1.98045,300.35,0.44,0.39,2026-10-08,145,N,VIIRS,n,2.0NRT,287.09,1.21,N
41.47364,-1.48594,305.55,0.41,0.45,2026-10-08,145,N,VIIRS,n,2.0NRT,285.68,1.36,N
43.45142,4.85099,299.64,0.39,0.36,2026-10-08,145,N,VIIRS,n,2.0NRT,286.39,0.51,N
35.45778,-0.39741,301.85,0.47,0.4,2026-10-08,147,N,VIIRS,n,2.0NRT,285.88,1.81,N
35.45884,-0.39398,305.83,0.47,0.4,2026-10-08,147,N,VIIRS,n,2.0NRT,287.78,1.24,N
35.70942,4.47733,309.6,0.39,0.36,2026-10-08,147,N,VIIRS,n,2.0NRT,289.91,0.91,N
35.7618,-0.26984,301.42,0.47,0.4,2026-10-08,147,N,VIIRS,n,2.0NRT,289.51,1.2,N
35.76382,-0.26253,301.49,0.47,0.4,2026-10-08,147,N,VIIRS,n,2.0NRT,289.68,1.49,N
35.76811,-0.26713,302.54,0.47,0.4,2026-10-08,147,N,VIIRS,n,2.0NRT,290.94,1.49,N
35.80773,-0.25465,326.57,0.47,0.4,2026-10-08,147,N,VIIRS,n,2.0NRT,286.66,3.39,N
36.1278,1.24037,314.48,0.42,0.38,2026-10-08,147,N,VIIRS,n,2.0NRT,291.1,2.1,N
36.13126,1.24107,303.43,0.42,0.38,2026-10-08,147,N,VIIRS,n,2.0NRT,289.64,0.95,N
36.9644,-1.90639,309.43,0.38,0.43,2026-10-08,147,N,VIIRS,n,2.0NRT,289.68,1.02,N
37.3576,-6.67396,303.05,0.35,0.57,2026-10-08,147,N,VIIRS,n,2.0NRT,286.59,0.58,N
41.92484,0.17965,316.99,0.77,0.78,2026-10-08,325,N,VIIRS,n,2.0NRT,281.34,3.35,N
40.24438,-3.47393,314.28,0.59,0.7,2026-10-08,328,N,VIIRS,n,2.0NRT,282.63,2.72,N
40.24457,-3.47178,312.65,0.6,0.7,2026-10-08,328,N,VIIRS,n,2.0NRT,282.6,2.1,N
36.12833,1.24367,331.03,0.38,0.36,2026-10-08,1308,N,VIIRS,l,2.0NRT,301.36,2.26,D
36.67218,3.01616,335.39,0.41,0.37,2026-10-08,1308,N,VIIRS,n,2.0NRT,277.17,2.81,D
36.82626,4.15394,342.9,0.44,0.39,2026-10-08,1308,N,VIIRS,n,2.0NRT,296.17,5.94,D
36.96085,-5.90404,331.49,0.4,0.44,2026-10-08,1308,N,VIIRS,n,2.0NRT,305.78,2.15,D
37.44489,-6.37507,337.28,0.41,0.45,2026-10-08,1308,N,VIIRS,n,2.0NRT,303.91,2.97,D
37.75843,-4.52936,345.89,0.5,0.41,2026-10-08,1308,N,VIIRS,n,2.0NRT,300.98,6.23,D
38.06574,-3.96234,335,0.47,0.4,2026-10-08,1308,N,VIIRS,n,2.0NRT,296.96,1.63,D
38.26068,-1.68859,336.18,0.4,0.37,2026-10-08,1308,N,VIIRS,n,2.0NRT,298.32,2.06,D
38.66782,-1.61741,349.49,0.4,0.37,2026-10-08,1310,N,VIIRS,n,2.0NRT,301.49,7.61,D
38.67268,-1.60929,337.33,0.4,0.37,2026-10-08,1310,N,VIIRS,n,2.0NRT,299.94,5.71,D
39.07045,-3.34936,346.38,0.44,0.38,2026-10-08,1310,N,VIIRS,n,2.0NRT,295.93,10.25,D
39.20671,-0.25904,331.9,0.38,0.36,2026-10-08,1310,N,VIIRS,n,2.0NRT,294.97,2.06,D
39.40968,-3.64924,337.11,0.44,0.39,2026-10-08,1310,N,VIIRS,n,2.0NRT,293.99,3.7,D
39.58873,-2.10502,351.19,0.4,0.37,2026-10-08,1310,N,VIIRS,n,2.0NRT,298.52,5.24,D
39.58953,-2.1004,349.76,0.4,0.37,2026-10-08,1310,N,VIIRS,n,2.0NRT,297.47,5.24,D
39.59206,-2.10597,356.07,0.4,0.37,2026-10-08,1310,N,VIIRS,l,2.0NRT,298.09,13.05,D
39.5962,-2.10231,344.03,0.4,0.37,2026-10-08,1310,N,VIIRS,n,2.0NRT,295.16,13.05,D
39.64266,-3.77456,345.17,0.44,0.39,2026-10-08,1310,N,VIIRS,n,2.0NRT,295.15,4.53,D
39.93058,-4.09606,356.66,0.45,0.39,2026-10-08,1310,N,VIIRS,l,2.0NRT,301.15,6.91,D
39.9331,-4.10245,346.39,0.45,0.39,2026-10-08,1310,N,VIIRS,n,2.0NRT,301.2,5.46,D
39.93408,-4.09723,356.32,0.45,0.39,2026-10-08,1310,N,VIIRS,l,2.0NRT,302,5.46,D
39.93757,-4.09841,336.08,0.45,0.39,2026-10-08,1310,N,VIIRS,n,2.0NRT,300.03,5.46,D
39.95852,-5.74271,327.98,0.52,0.42,2026-10-08,1310,N,VIIRS,n,2.0NRT,298.57,3.55,D
40.0616,-4.73834,327.76,0.47,0.4,2026-10-08,1310,N,VIIRS,n,2.0NRT,296.03,1.59,D
40.06259,-4.73603,328.13,0.47,0.4,2026-10-08,1310,N,VIIRS,n,2.0NRT,298.79,2.23,D
40.52014,-3.58176,336.49,0.43,0.38,2026-10-08,1310,N,VIIRS,n,2.0NRT,297.5,2.96,D
40.52266,-3.58774,347.7,0.43,0.38,2026-10-08,1310,N,VIIRS,n,2.0NRT,296.48,2.96,D
40.52357,-3.58281,349.11,0.43,0.38,2026-10-08,1310,N,VIIRS,n,2.0NRT,295.7,2.96,D
40.52608,-3.5888,343.3,0.43,0.38,2026-10-08,1310,N,VIIRS,n,2.0NRT,296.89,3.4,D
40.52627,-3.56806,336.01,0.43,0.38,2026-10-08,1310,N,VIIRS,n,2.0NRT,297.01,2.65,D
40.52699,-3.58387,356.21,0.43,0.38,2026-10-08,1310,N,VIIRS,n,2.0NRT,296.59,3.4,D
40.53041,-3.58494,339.09,0.43,0.38,2026-10-08,1310,N,VIIRS,n,2.0NRT,298.2,3.4,D
40.53402,-3.56526,340.21,0.43,0.38,2026-10-08,1310,N,VIIRS,n,2.0NRT,297.91,5.56,D
40.53654,-3.57125,336.66,0.43,0.38,2026-10-08,1310,N,VIIRS,n,2.0NRT,298.59,2.98,D
40.53744,-3.56633,348.52,0.43,0.38,2026-10-08,1310,N,VIIRS,n,2.0NRT,298.36,2.98,D
40.66424,-3.16111,335.58,0.42,0.37,2026-10-08,1310,N,VIIRS,n,2.0NRT,294.52,1.59,D
40.6651,-3.15625,356.7,0.41,0.37,2026-10-08,1310,N,VIIRS,l,2.0NRT,297.19,6.96,D
40.66848,-3.15728,338.68,0.41,0.37,2026-10-08,1310,N,VIIRS,n,2.0NRT,295.02,2.17,D
40.71786,-3.23623,335.63,0.42,0.37,2026-10-08,1310,N,VIIRS,n,2.0NRT,293.62,3.99,D
40.71865,-3.25173,335.39,0.42,0.37,2026-10-08,1310,N,VIIRS,n,2.0NRT,293.92,3.88,D
40.71952,-3.2469,338.11,0.42,0.37,2026-10-08,1310,N,VIIRS,n,2.0NRT,294.67,3.88,D
41.27035,-7.97144,326.79,0.41,0.45,2026-10-08,1310,N,VIIRS,l,2.0NRT,297.59,2.46,D
41.2713,-7.97447,339.71,0.41,0.45,2026-10-08,1310,N,VIIRS,n,2.0NRT,297.87,5.27,D
41.56831,0.5586,331.44,0.39,0.36,2026-10-08,1310,N,VIIRS,n,2.0NRT,295.92,1.94,D
43.3064,2.66186,330.66,0.45,0.39,2026-10-08,1310,N,VIIRS,n,2.0NRT,290.06,2.58,D
43.78891,0.17054,325.68,0.4,0.37,2026-10-08,1310,N,VIIRS,n,2.0NRT,291.04,2.21,D
39.66436,-0.24598,302.94,0.39,0.36,2026-10-08,206,N20,VIIRS,n,2.0NRT,289.75,0.31,N
39.95236,-0.00464,302.73,0.39,0.36,2026-10-08,206,N20,VIIRS,n,2.0NRT,290.88,0.93,N
40.24562,-3.47658,330.2,0.4,0.37,2026-10-08,206,N20,VIIRS,n,2.0NRT,287.28,2.66,N
41.17919,1.22893,327.95,0.41,0.37,2026-10-08,206,N20,VIIRS,n,2.0NRT,287.02,2.28,N
41.25158,-8.55406,295.44,0.43,0.46,2026-10-08,206,N20,VIIRS,n,2.0NRT,283.44,0.53,N
41.45584,1.97693,305.83,0.42,0.38,2026-10-08,206,N20,VIIRS,n,2.0NRT,286.61,1.32,N
41.47437,2.1803,299.94,0.43,0.38,2026-10-08,206,N20,VIIRS,n,2.0NRT,286.7,0.56,N
41.47561,-1.48937,301.22,0.39,0.36,2026-10-08,206,N20,VIIRS,n,2.0NRT,284.08,0.72,N
41.92638,0.18038,296.32,0.39,0.36,2026-10-08,206,N20,VIIRS,n,2.0NRT,284.11,0.69,N
43.43637,4.88558,306.42,0.49,0.4,2026-10-08,206,N20,VIIRS,n,2.0NRT,286.97,1.04,N
43.43877,4.89286,297.57,0.49,0.4,2026-10-08,206,N20,VIIRS,n,2.0NRT,286.4,1.53,N
43.43998,4.88698,298.13,0.49,0.4,2026-10-08,206,N20,VIIRS,n,2.0NRT,286.19,1.04,N
43.44477,4.90157,307.88,0.49,0.4,2026-10-08,206,N20,VIIRS,n,2.0NRT,286.05,1.17,N
43.44598,4.89566,308.46,0.49,0.4,2026-10-08,206,N20,VIIRS,n,2.0NRT,286.76,1.17,N
43.45081,4.85306,303.31,0.49,0.4,2026-10-08,206,N20,VIIRS,n,2.0NRT,286.91,0.64,N
35.31117,-1.3436,307.06,0.4,0.37,2026-10-08,209,N20,VIIRS,n,2.0NRT,289.13,0.93,N
35.52961,-0.27598,302.56,0.42,0.38,2026-10-08,209,N20,VIIRS,n,2.0NRT,288.64,1.21,N
35.53281,-0.27693,313.88,0.42,0.38,2026-10-08,209,N20,VIIRS,n,2.0NRT,290.06,1.95,N
35.53299,-0.27499,313.81,0.42,0.38,2026-10-08,209,N20,VIIRS,n,2.0NRT,290.25,1.21,N
35.7088,4.47508,302.63,0.44,0.46,2026-10-08,209,N20,VIIRS,n,2.0NRT,280.68,1.79,N
35.80872,-0.25391,315.15,0.42,0.37,2026-10-08,209,N20,VIIRS,n,2.0NRT,281.26,1.69,N
35.81536,-0.27115,300.68,0.42,0.37,2026-10-08,209,N20,VIIRS,n,2.0NRT,285.15,0.91,N
36.01942,0.12371,301.7,0.43,0.38,2026-10-08,209,N20,VIIRS,n,2.0NRT,289.35,0.98,N
36.9674,-1.903,305.34,0.39,0.36,2026-10-08,209,N20,VIIRS,n,2.0NRT,291.2,1.39,N
36.96809,-1.90728,310.41,0.39,0.36,2026-10-08,209,N20,VIIRS,n,2.0NRT,290.83,1.02,N
37.35896,-6.67667,298.47,0.48,0.4,2026-10-08,209,N20,VIIRS,n,2.0NRT,286.89,0.66,N
37.36171,-5.86784,301.52,0.45,0.39,2026-10-08,209,N20,VIIRS,n,2.0NRT,287.7,0.78,N
37.48285,-4.608,296.59,0.41,0.37,2026-10-08,209,N20,VIIRS,n,2.0NRT,284.44,0.34,N
38.5009,-8.93581,301.86,0.42,0.45,2026-10-08,209,N20,VIIRS,n,2.0NRT,289.1,0.82,N
36.70148,-4.50745,333.45,0.39,0.36,2026-10-08,1327,N20,VIIRS,n,2.0NRT,301.82,1.84,D
36.81734,-5.81522,338.87,0.38,0.36,2026-10-08,1327,N20,VIIRS,n,2.0NRT,301.03,2.57,D
37.08249,-7.9485,340.62,0.4,0.37,2026-10-08,1327,N20,VIIRS,n,2.0NRT,302.64,1.51,D
37.32598,-5.67306,333.34,0.38,0.36,2026-10-08,1327,N20,VIIRS,l,2.0NRT,307.74,1.51,D
37.4429,-6.37655,337.14,0.38,0.36,2026-10-08,1327,N20,VIIRS,n,2.0NRT,306.58,2.26,D
37.44579,-7.58084,341.67,0.4,0.37,2026-10-08,1327,N20,VIIRS,n,2.0NRT,305.56,8.11,D
37.44618,-6.37736,339.18,0.38,0.36,2026-10-08,1327,N20,VIIRS,n,2.0NRT,305.27,2.26,D
37.44723,-7.61344,348.15,0.4,0.37,2026-10-08,1327,N20,VIIRS,n,2.0NRT,304.76,4.82,D
37.44827,-7.66903,339.23,0.4,0.37,2026-10-08,1327,N20,VIIRS,n,2.0NRT,304.89,3.29,D
37.4498,-7.61873,348.23,0.4,0.37,2026-10-08,1327,N20,VIIRS,n,2.0NRT,305.56,4.02,D
37.45158,-7.66993,343.09,0.4,0.37,2026-10-08,1327,N20,VIIRS,n,2.0NRT,305.4,2.21,D
37.45232,-7.66551,339.58,0.4,0.37,2026-10-08,1327,N20,VIIRS,n,2.0NRT,305.76,2.21,D
37.45563,-7.6664,341.16,0.4,0.37,2026-10-08,1327,N20,VIIRS,n,2.0NRT,305.48,2.21,D
37.497,-5.82403,333.77,0.38,0.36,2026-10-08,1327,N20,VIIRS,n,2.0NRT,305.81,1.9,D
38.54759,-2.9992,329.87,0.44,0.38,2026-10-08,1327,N20,VIIRS,n,2.0NRT,296.09,1.86,D
38.55003,-8.80944,346.21,0.41,0.37,2026-10-08,1327,N20,VIIRS,n,2.0NRT,305.5,3.68,D
38.55071,-8.98579,340.06,0.42,0.37,2026-10-08,1327,N20,VIIRS,n,2.0NRT,303.28,3.24,D
38.55257,-8.81503,341.13,0.41,0.37,2026-10-08,1327,N20,VIIRS,n,2.0NRT,305.3,3.68,D
38.55339,-8.81039,352.74,0.41,0.37,2026-10-08,1327,N20,VIIRS,n,2.0NRT,305.47,3.68,D
38.55593,-8.81599,343.72,0.41,0.37,2026-10-08,1327,N20,VIIRS,n,2.0NRT,304.9,3.31,D
38.57949,-8.82265,344.89,0.41,0.37,2026-10-08,1327,N20,VIIRS,n,2.0NRT,306.93,4.75,D
38.66883,-1.61613,341.14,0.5,0.41,2026-10-08,1327,N20,VIIRS,n,2.0NRT,300.56,6.79,D
38.72448,-8.62011,342.09,0.41,0.37,2026-10-08,1327,N20,VIIRS,n,2.0NRT,305.35,5.47,D
38.72782,-8.62106,347.06,0.41,0.37,2026-10-08,1327,N20,VIIRS,n,2.0NRT,305.41,5.93,D
39.05952,-8.9725,334.17,0.41,0.37,2026-10-08,1327,N20,VIIRS,n,2.0NRT,303.68,3.67,D
39.06786,-8.96513,337.33,0.41,0.37,2026-10-08,1327,N20,VIIRS,n,2.0NRT,302.17,0.83,D
39.07681,-8.95617,342.86,0.41,0.37,2026-10-08,1327,N20,VIIRS,n,2.0NRT,302.03,7.11,D
39.07763,-8.95152,355.27,0.41,0.37,2026-10-08,1327,N20,VIIRS,l,2.0NRT,303.53,7.11,D
39.08017,-8.95713,334.44,0.41,0.37,2026-10-08,1327,N20,VIIRS,n,2.0NRT,302.66,8.56,D
39.08099,-8.95248,354.85,0.41,0.37,2026-10-08,1327,N20,VIIRS,n,2.0NRT,304.59,8.56,D
39.0818,-8.94783,347.12,0.41,0.37,2026-10-08,1327,N20,VIIRS,n,2.0NRT,303.12,5.56,D
39.08434,-8.95343,352.81,0.41,0.37,2026-10-08,1327,N20,VIIRS,n,2.0NRT,303.61,8.56,D
39.08516,-8.94879,347.76,0.41,0.37,2026-10-08,1327,N20,VIIRS,n,2.0NRT,302.47,5.56,D
39.08771,-8.95439,355.37,0.41,0.37,2026-10-08,1327,N20,VIIRS,n,2.0NRT,303.39,9.55,D
39.08852,-8.94975,346.01,0.41,0.37,2026-10-08,1327,N20,VIIRS,n,2.0NRT,304.09,5.35,D
39.09107,-8.95536,355.77,0.41,0.37,2026-10-08,1327,N20,VIIRS,n,2.0NRT,304.06,9.55,D
39.09188,-8.95072,346.25,0.41,0.37,2026-10-08,1327,N20,VIIRS,n,2.0NRT,303.8,5.35,D
39.30463,-8.94967,337.25,0.41,0.37,2026-10-08,1327,N20,VIIRS,n,2.0NRT,303.75,3,D
39.95908,-5.73959,333.29,0.39,0.36,2026-10-08,1327,N20,VIIRS,n,2.0NRT,300.34,3.5,D
40.05998,-4.73857,333.97,0.41,0.37,2026-10-08,1327,N20,VIIRS,n,2.0NRT,300.41,5.17,D
40.24297,-3.47324,327.42,0.44,0.38,2026-10-08,1327,N20,VIIRS,n,2.0NRT,298.49,3.14,D
41.27357,-7.97171,335.44,0.39,0.36,2026-10-08,1329,N20,VIIRS,n,2.0NRT,296.56,3.35,D
43.44434,4.89996,302.8,0.42,0.45,2026-10-08,107,N21,VIIRS,n,2.0NRT,268.43,1.14,N
35.87939,4.45004,305.53,0.54,0.42,2026-10-08,109,N21,VIIRS,n,2.0NRT,288.62,0.91,N
36.12482,1.24184,296.59,0.54,0.5,2026-10-08,109,N21,VIIRS,n,2.0NRT,279.23,1.86,N
36.68116,3.12024,311.4,0.43,0.46,2026-10-08,109,N21,VIIRS,n,2.0NRT,285.57,1.25,N
36.68177,3.12263,313.66,0.43,0.46,2026-10-08,109,N21,VIIRS,n,2.0NRT,287.42,2.4,N
39.66193,-0.24895,301.17,0.35,0.57,2026-10-08,109,N21,VIIRS,n,2.0NRT,288.85,1.06,N
35.70977,4.47845,304.9,0.54,0.42,2026-10-08,111,N21,VIIRS,n,2.0NRT,289.76,0.93,N
40.24175,-3.47375,314.47,0.62,0.54,2026-10-08,249,N21,VIIRS,n,2.0NRT,284.22,2.78,N
41.92361,0.17791,304.88,0.42,0.61,2026-10-08,249,N21,VIIRS,n,2.0NRT,283.28,1.43,N
43.44321,4.89668,303.66,0.63,0.72,2026-10-08,249,N21,VIIRS,n,2.0NRT,282.41,2.78,N
35.76994,-0.25979,299.61,0.6,0.71,2026-10-08,251,N21,VIIRS,n,2.0NRT,286.55,4.65,N
35.80976,-0.25406,310.38,0.6,0.71,2026-10-08,251,N21,VIIRS,n,2.0NRT,275.84,2.51,N
35.80997,-0.2705,303.62,0.6,0.71,2026-10-08,251,N21,VIIRS,n,2.0NRT,285.34,1.53,N
35.81339,-0.26646,314.64,0.6,0.71,2026-10-08,251,N21,VIIRS,n,2.0NRT,282.79,3.04,N
35.8159,-0.26717,299.7,0.6,0.71,2026-10-08,251,N21,VIIRS,n,2.0NRT,282.4,1.53,N
36.12807,1.24317,309.59,0.71,0.75,2026-10-08,251,N21,VIIRS,n,2.0NRT,284.37,4.07,N
36.9661,-1.90542,302.43,0.46,0.63,2026-10-08,251,N21,VIIRS,n,2.0NRT,288.16,1.26,N
36.9675,-1.90504,302.03,0.46,0.63,2026-10-08,251,N21,VIIRS,n,2.0NRT,288.15,1.03,N
35.26135,4.76697,338.07,0.42,0.38,2026-10-08,1232,N21,VIIRS,n,2.0NRT,310.15,2.89,D
37.75948,-4.52821,367,0.34,0.56,2026-10-08,1232,N21,VIIRS,h,2.0NRT,299.08,6.03,D
37.76043,-4.52451,333.08,0.34,0.56,2026-10-08,1232,N21,VIIRS,n,2.0NRT,297.15,6.03,D
38.66898,-1.61749,352.81,0.46,0.47,2026-10-08,1232,N21,VIIRS,n,2.0NRT,299.52,14.4,D
38.88001,-6.57553,367,0.41,0.6,2026-10-08,1232,N21,VIIRS,h,2.0NRT,296.8,8.95,D
38.88005,-6.57278,339.53,0.41,0.6,2026-10-08,1232,N21,VIIRS,n,2.0NRT,295.72,9.28,D
38.92147,1.42574,330.84,0.49,0.4,2026-10-08,1232,N21,VIIRS,n,2.0NRT,299.09,3.94,D
39.09855,-7.60528,342.48,0.45,0.63,2026-10-08,1232,N21,VIIRS,n,2.0NRT,297.31,5.71,D
39.41133,-3.64905,325.56,0.56,0.51,2026-10-08,1232,N21,VIIRS,n,2.0NRT,292.68,4.13,D
39.75732,3.14231,332.67,0.42,0.38,2026-10-08,1232,N21,VIIRS,n,2.0NRT,296.8,6.77,D
41.56845,0.55725,332.16,0.48,0.4,2026-10-08,1232,N21,VIIRS,n,2.0NRT,295.58,3.47,D
41.26871,-7.97857,332.71,0.41,0.61,2026-10-08,1234,N21,VIIRS,n,2.0NRT,292,8.81,D
41.27067,-7.9716,367,0.41,0.61,2026-10-08,1234,N21,VIIRS,h,2.0NRT,295.39,8.81,D
43.30693,2.66185,329.64,0.4,0.37,2026-10-08,1234,N21,VIIRS,n,2.0NRT,293.73,5.92,D
43.80667,1.50153,329.02,0.42,0.38,2026-10-08,1234,N21,VIIRS,n,2.0NRT,291.55,2.8,D
37.31257,-6.86499,367,0.39,0.6,2026-10-08,1412,N21,VIIRS,h,2.0NRT,304.33,20.87,D
37.31308,-6.86371,367,0.4,0.6,2026-10-08,1412,N21,VIIRS,h,2.0NRT,305.24,16.58,D
38.29561,-6.05229,367,0.45,0.63,2026-10-08,1414,N21,VIIRS,h,2.0NRT,302.3,16.6,D
38.29585,-6.04709,344.21,0.45,0.63,2026-10-08,1414,N21,VIIRS,n,2.0NRT,300.41,9.33,D
38.2959,-6.05452,341.95,0.45,0.63,2026-10-08,1414,N21,VIIRS,n,2.0NRT,299.35,11.7,D
38.29611,-6.0493,367,0.45,0.63,2026-10-08,1414,N21,VIIRS,h,2.0NRT,302.23,11.7,D
38.30164,-6.04749,341.37,0.45,0.63,2026-10-08,1414,N21,VIIRS,n,2.0NRT,301.19,9.33,D
39.02437,-6.54802,367,0.42,0.61,2026-10-08,1414,N21,VIIRS,h,2.0NRT,301.39,8.75,D
39.02702,-6.54902,352.86,0.43,0.62,2026-10-08,1414,N21,VIIRS,n,2.0NRT,301.42,8.74,D
41.27038,-7.97267,340.82,0.37,0.58,2026-10-08,1414,N21,VIIRS,n,2.0NRT,297.71,6.42,D
42.10798,-8.29903,325.47,0.36,0.58,2026-10-08,1414,N21,VIIRS,n,2.0NRT,284.4,3.11,D
